<?xml version="1.0" encoding="UTF-8" ?>
<!DOCTYPE mapper PUBLIC "-//mybatis.org//DTD Mapper 3.0//EN" "http://mybatis.org/dtd/mybatis-3-mapper.dtd">
<mapper namespace="com.dbapp.extension.xdr.linkageHandle.mapper.ScanJobMapper">
    <resultMap id="scanJobResultMap" type="com.dbapp.extension.xdr.linkageHandle.entity.ScanJob">
        <id column="id" property="id" jdbcType="BIGINT"/>
        <result column="strategy_id" property="strategyId" jdbcType="BIGINT"/>
        <result column="device_id" property="deviceId" jdbcType="VARCHAR"/>
        <result column="device_ip" property="deviceIp" jdbcType="VARCHAR"/>
        <result column="device_type" property="deviceType" jdbcType="VARCHAR"/>
        <result column="scan_scope" property="scanScope" jdbcType="VARCHAR"/>
        <result column="scan_path" property="scanPath" jdbcType="VARCHAR"/>
        <result column="scan_cycle" property="scanCycle" jdbcType="INTEGER"/>
        <result column="scan_type" property="scanType" jdbcType="VARCHAR" typeHandler="com.dbapp.extension.xdr.handler.ArrayHandler"/>
        <result column="node_list" property="nodeList" jdbcType="VARCHAR" typeHandler="com.dbapp.extension.xdr.handler.JSONListHandler" javaType="com.dbapp.extension.xdr.linkageHandle.entity.terminal.NodeInfo"/>
        <result column="next_scan_time" property="nextScanTime" jdbcType="TIMESTAMP"/>
        <result column="process_info_list" property="processInfoList" jdbcType="VARCHAR" typeHandler="com.dbapp.extension.xdr.handler.JSONListHandler" javaType="com.dbapp.extension.xdr.linkageHandle.entity.ProcessInfo"/>
    </resultMap>
</mapper>