<?xml version="1.0" encoding="UTF-8" ?>
<!DOCTYPE mapper PUBLIC "-//mybatis.org//DTD Mapper 3.0//EN" "http://mybatis.org/dtd/mybatis-3-mapper.dtd">
<mapper namespace="com.dbapp.extension.xdr.threatMonitor.mapper.SecurityEventMapper">

    <select id="selectBaseInfoById" parameterType="java.lang.Integer" resultType="java.util.Map">
    SELECT
	tt.suggestion,
	tt.description,
	tt.ck_query_condition as queryCondition,
	ti.attack_conclusion as attackConclusion ,
		CASE ti.threat_severity
		WHEN "Low" THEN
		"低"
		WHEN "Medium" THEN
		"中"
		WHEN "High" THEN
		"高"
		ELSE
		"未知"
		END as threatSeverity,
		CASE ti.alarm_results
		WHEN "OK" THEN
		"成功"
		WHEN "FAIL" THEN
		"失败"
		WHEN "UNKNOWN" THEN
		"尝试"
		ELSE
		"尝试"
		END as alarmResults,
	ti.kill_chain as killChain ,
	ti.sub_category as subCategory ,
	ti.focus,
	te.incident_suggestion as incidentSuggestion,
	te.incident_description as incidentDescription,
	ti.event_name as eventName,
	ti.category,
	ti.attacker,
	ti.victim,
	DATE_FORMAT(ti.start_time,'%Y-%m-%d %T') as startTime,
	DATE_FORMAT(ti.end_time,'%Y-%m-%d %T') as endTime
		FROM
	t_security_incidents ti
	LEFT JOIN t_query_template tt ON ti.template_code = tt.template_code
	LEFT JOIN t_event_template te ON ti.template_id = te.id
    WHERE
	ti.id IN (
	<foreach collection="ids" index="index" item="id" separator=",">
		#{id,jdbcType=INTEGER}
	</foreach> )
    </select>

	<select id="selectEventAndTempById" parameterType="java.lang.Integer" resultType="java.util.Map">
	SELECT
	DATE_FORMAT(MIN(ti.start_time),'%Y-%m-%d %T') as startTime,
	DATE_FORMAT(MAX(ti.end_time),'%Y-%m-%d %T') as endTime,
	GROUP_CONCAT(ti.event_ids) as eventId,
	tt.ck_query_field as ckQueryField,
	tt.ck_query_agg_field as ckQueryAggField,
	tt.ck_query_condition as ckQueryCondition,
	tt.inner_query_field as innerQueryField,
	tt.outer_query_field as outerQueryField,
	tt.is_thread as isThread,
	tt.agg_field as aggField,
	GROUP_CONCAT(ti.attacker) as attacker,
	GROUP_CONCAT(ti.victim) as victim,
	ti.mirror_sub_category as subCategory,
	GROUP_CONCAT(ti.event_ids) as eventIds,
	te.incident_name as templateName,
	GROUP_CONCAT(ti.family_id) as familyId,
	GROUP_CONCAT(ti.organization_id) as organizationId,
	tt.interval_time as intervalTime,
	ti.event_code as eventCode,
	ti.event_name as eventName,
	ti.event_name as incidentName,
	te.incident_type as incidentType,
	te.incident_rule_type as incidentRuleType,
	ti.incident_cond as incidentCond,
	ti.focus,
	GROUP_CONCAT(ti.focus_ip) as focusIp,
	te.conclusion,
	te.display_filed as displayFiled,
	ti.sub_category as eventSubCategory,
	MAX(ti.is_scenario) as isScenario
	FROM
	t_security_incidents ti
	LEFT JOIN t_query_template tt ON ti.template_id = tt.id
	LEFT JOIN t_event_template te ON ti.template_id = te.id
	WHERE ti.id  IN (
	<foreach collection="ids" separator="," item="id" index="index" >
		#{id,jdbcType=INTEGER}
	</foreach> )
	</select>

	<select id="selectNewEventAndTempById" parameterType="java.lang.Integer" resultType="java.util.Map">
		SELECT
		DATE_FORMAT(ti.end_time,'%Y-%m-%d %T') as endTime,
		DATE_FORMAT(ti.start_time,'%Y-%m-%d %T') as startTime,
		ti.event_code as eventCode,
		ti.event_name as eventName,
		tt.incident_rule_type as incidentRuleType,
		ti.focus,
		ti.focus_ip as focusIp,
		ti.mirror_sub_category as subCategory,
		tt.incident_type as incidentType,
		tt.incident_name as incidentName,
		tt.incident_cond as incidentCond,
		tt.incident_suggestion as incidentSuggestion,
		tt.incident_description as incidentDescription
		FROM
		t_security_incidents ti
		LEFT JOIN
		t_event_template tt
		ON ti.template_id = tt.id
		WHERE ti.id = #{id,jdbcType=INTEGER}
	</select>

	<select id="queryEventById" parameterType="java.util.List" resultType="java.lang.String">
	SELECT
	event_ids
	FROM
		t_security_incidents ti
	WHERE
		id IN
		<foreach collection="list" item="id" index="index" open="(" close=")" separator=",">
			#{id}
		</foreach>
	</select>

	<select id="queryTrend" resultType="java.util.Map">
		SELECT
	CASE
			threat_severity
			WHEN "Low" THEN
			"low"
			WHEN "Medium" THEN
			"medium"
			WHEN "High" THEN
			"high" ELSE "low"
		END as threatSeverity,
		FROM_UNIXTIME( UNIX_TIMESTAMP( end_time ), "%Y-%m-%d 00:00:00" ) AS createTime,
		count( 1 ) AS eventCount
	FROM
	t_security_incidents
	WHERE start_time &gt;= #{startTime,jdbcType=VARCHAR}
	AND end_time &lt;= #{endTime,jdbcType=VARCHAR}
		GROUP BY
		createTime,
		threat_severity
		ORDER BY
		createTime ASC
	</select>

	<select id="selectAllByIdList" resultType="java.util.Map">
		SELECT a.* ,IF(tk.associated_field is null ,false,true) as isAutoHandle FROM (
		SELECT DISTINCT
		ti.id AS eventId,
		ti.category AS category,
		ti.sub_category AS subCategory,
		CASE
		alarm_status
		WHEN "unprocessed" THEN
		"未处置"
		WHEN "processing" THEN
		"处置中"
		WHEN "falsePositives" THEN
		"已处置-标记误报"
		WHEN "processed" THEN
		"已处置-完成"
		WHEN "ignore" THEN
		"已处置-忽略"
		END alarmStatus,
		ti.focus_ip AS focusIp,
		DATE_FORMAT( end_time, '%Y-%m-%d %T' ) AS endTime,
		DATE_FORMAT( start_time, '%Y-%m-%d %T' ) AS startTime,
		DATE_FORMAT( end_time, '%Y-%m-%d' ) AS timePart,
		counts AS eventCount,
		CASE
		alarm_results
		WHEN "OK" THEN
		"成功"
		WHEN "FAIL" THEN
		"失败"
		WHEN "UNKNOWN" THEN
		"尝试"
		END alarmResults,
		CASE
		threat_severity
		WHEN "Low" THEN
		"低"
		WHEN "Medium" THEN
		"中"
		WHEN "High" THEN
		"高" ELSE "未知"
		END threatSeverity,
		event_name AS alarmName,
		tt.agg_field AS aggField,
		ti.attacker,
		ti.victim,
		ti.focus,
		ti.tag_search AS tagSearch,
		IF
		( td.scenario_id IS NULL, FALSE, TRUE ) AS isScenario ,
		tm.incident_type as incidentType
		FROM
		t_security_incidents ti
		LEFT JOIN t_query_template tt ON ti.template_code = tt.template_code
		LEFT JOIN t_event_scenario_data td ON ti.id = td.incident_id
		LEFT JOIN t_event_template tm ON ti.template_id = tm.id
		WHERE
		 ti.id IN
		<foreach collection="evenIdList" item="item" open="(" separator="," close=")">
			#{item,jdbcType=BIGINT}
		</foreach>
		) a
		LEFT JOIN t_alarm_status_timing_task tk ON a.eventId = tk.associated_field
		ORDER BY endTime DESC
	</select>

	<select id="queryOverview" resultType="java.util.Map">
		SELECT
	ti.threat_severity as threatSeverity,
	count( 1 ) AS total
	FROM
		t_security_incidents ti
	WHERE ti.start_time BETWEEN #{startTime} AND #{endTime}
	<if test="keyword != null and keyword != ''">
		AND ti.event_name like concat('%',#{keyword},'%')
		OR ti.attacker like concat('%',#{keyword},'%')
		OR ti.victim like concat('%',#{keyword},'%')
	</if>
	GROUP BY
		ti.threat_severity
	</select>

	<select id="selectEventAndTempByIds" resultType="java.util.Map">
		SELECT
			ti.start_time as startTime,
			ti.end_time as endTime,
			ti.event_ids as eventId,
			tt.ck_query_field as ckQueryField,
			tt.ck_query_agg_field as ckQueryAggField,
			tt.ck_query_condition as ckQueryCondition,
			tt.inner_query_field as innerQueryField,
			tt.outer_query_field as outerQueryField,
			tt.is_thread as isThread,
			tt.agg_field as aggField,
			ti.attacker,
			ti.victim,
			ti.mirror_sub_category as subCategory,
			ti.event_ids as eventIds
		FROM
			t_security_incidents ti
		LEFT JOIN t_query_template tt
		ON ti.template_id = tt.id
		WHERE ti.id in
		<foreach collection="ids" item="item" open="(" separator="," close=")">
			#{item,jdbcType=BIGINT}
		</foreach>
	</select>

	<select id="selectLogFieldsByIds" resultType="java.util.Map">
		SELECT
		ti.id as eventId,
		te.netflow_log_field as netflowLogField,
		te.host_log_field as hostLogField
		FROM
		t_security_incidents ti
		LEFT JOIN t_event_template te ON ti.template_id = te.id
		WHERE ti.id IN
		<foreach collection="ids" item="item" open="(" separator="," close=")">
			#{item,jdbcType=BIGINT}
		</foreach>
	</select>

	<select id="getIncidentsTypePercent" resultType="java.util.Map">
		SELECT count(1) as number,a.eventName  FROM (
		SELECT
		<choose>
			<when test="flag == 1">
				ti.sub_category as eventName
			</when>
			<otherwise>
				ti.event_name as eventName
			</otherwise>
		</choose>
		FROM
		t_security_incidents ti
		LEFT JOIN t_event_scenario_data td ON ti.id = td.incident_id
		LEFT JOIN t_event_template tm ON ti.template_id = tm.id
		WHERE
		ti.end_time BETWEEN #{startTime,jdbcType=VARCHAR} AND #{endTime,jdbcType=VARCHAR}
		<choose>
			<when test="flag == 1">
				AND ti.focus is not null
			</when>
			<otherwise>
				AND ti.focus is null
			</otherwise>
		</choose>
		<if test="scenarioType != null and scenarioType != ''">
			${scenarioType}
		</if>
		<if test="eventName != null and eventName != ''">
			AND ti.event_name LIKE concat('%',#{eventName},'%')
		</if>
		<if test="focusIp != null and focusIp != ''">
			AND ti.focus_ip LIKE concat('%',#{focusIp},'%')
		</if>
		<if test="subCategory != null and subCategory.size() != 0">
			AND ti.sub_category IN
			<foreach collection="subCategory" separator=","  open="(" close=")" item="sub">
				#{sub}
			</foreach>
		</if>
		<if test="alarmStatus != null and alarmStatus.size() != 0">
			AND ti.alarm_status IN
			<foreach collection="alarmStatus" separator=","  open="(" close=")" item="status">
				#{status}
			</foreach>
		</if>
		<if test="alarmResult != null and alarmResult.size() != 0">
			AND ti.alarm_results IN
			<foreach collection="alarmResult" separator=","  open="(" close=")" item="result">
				#{result}
			</foreach>
		</if>
		<if test="threatSeverity != null and threatSeverity.size() != 0">
			AND ti.threat_severity IN
			<foreach collection="threatSeverity" separator=","  open="(" close=")" item="severity">
				#{severity}
			</foreach>
		</if>
		<if test="tagSearch != null and tagSearch.size() != 0">
			AND
			<foreach collection="tagSearch" separator="OR"  open="(" close=")" item="tag">
				ti.tag_search like BINARY concat('%',#{tag},'%')
			</foreach>
		</if>
		<if test="killChain != null and killChain.size() > 0">
			AND
			<foreach collection="killChain" separator="AND" open="(" close=")" item="killC">
				ti.kill_chain LIKE concat('%',#{killC},'%')
			</foreach>
		</if> ) as a
		GROUP BY
		a.eventName
		ORDER BY
		number
	</select>

	<select id="getSecurityEventList" resultType="java.util.Map">
		SELECT a.* ,IF(tk.associated_field is null ,false,true) as isAutoHandle FROM (
		SELECT DISTINCT
		ti.id AS eventId,
		ti.category AS category,
		ti.sub_category AS subCategory,
		CASE
		alarm_status
		WHEN "unprocessed" THEN
		"未处置"
		WHEN "processing" THEN
		"处置中"
		WHEN "falsePositives" THEN
		"已处置-标记误报"
		WHEN "processed" THEN
		"已处置-完成"
		WHEN "ignore" THEN
		"已处置-忽略"
		END alarmStatus,
		ti.focus_ip AS focusIp,
		DATE_FORMAT( end_time, '%Y-%m-%d %T' ) AS endTime,
		DATE_FORMAT( start_time, '%Y-%m-%d %T' ) AS startTime,
		DATE_FORMAT( end_time, '%Y-%m-%d' ) AS timePart,
		counts AS eventCount,
		CASE
		alarm_results
		WHEN "OK" THEN
		"成功"
		WHEN "FAIL" THEN
		"失败"
		WHEN "UNKNOWN" THEN
		"尝试"
		END alarmResults,
		CASE
		threat_severity
		WHEN "Low" THEN
		"低"
		WHEN "Medium" THEN
		"中"
		WHEN "High" THEN
		"高" ELSE "未知"
		END threatSeverity,
		event_name AS alarmName,
		tt.agg_field AS aggField,
		ti.attacker,
		ti.victim,
		ti.focus,
		ti.tag_search AS tagSearch,
		IF
		( td.scenario_id IS NULL, FALSE, TRUE ) AS isScenario ,
		tm.incident_type as incidentType
		FROM
		t_security_incidents ti
		LEFT JOIN t_query_template tt ON ti.template_code = tt.template_code
		LEFT JOIN t_event_scenario_data td ON ti.id = td.incident_id
		LEFT JOIN t_event_template tm ON ti.template_id = tm.id
		WHERE
		ti.end_time BETWEEN #{startTime,jdbcType=VARCHAR} AND #{endTime,jdbcType=VARCHAR}
		<if test="eventName != null and eventName != ''">
			AND ti.event_name LIKE concat('%\\',#{eventName},'%')
		</if>
		<if test="focusIp != null and focusIp != ''">
			AND ti.focus_ip LIKE concat('%',#{focusIp},'%')
		</if>
		<if test="subCategory != null and subCategory.size() != 0">
			AND ti.sub_category IN
			<foreach collection="subCategory" separator=","  open="(" close=")" item="sub">
				#{sub}
			</foreach>
		</if>
		<if test="alarmStatus != null and alarmStatus.size() != 0">
			AND ti.alarm_status IN
			<foreach collection="alarmStatus" separator=","  open="(" close=")" item="status">
				#{status}
			</foreach>
		</if>
		<if test="alarmResult != null and alarmResult.size() != 0">
			AND ti.alarm_results IN
			<foreach collection="alarmResult" separator=","  open="(" close=")" item="result">
				#{result}
			</foreach>
		</if>
		<if test="threatSeverity != null and threatSeverity.size() != 0">
			AND ti.threat_severity IN
			<foreach collection="threatSeverity" separator=","  open="(" close=")" item="severity">
				#{severity}
			</foreach>
		</if>
		<if test="tagSearch != null and tagSearch.size() != 0">
			AND
			<foreach collection="tagSearch" separator="OR"  open="(" close=")" item="tag">
				ti.tag_search like BINARY concat('%',#{tag},'%')
			</foreach>
		</if>
		<if test="killChain != null and killChain.size() > 0">
			AND
			<foreach collection="killChain" separator="AND" open="(" close=")" item="killC">
				ti.kill_chain LIKE concat('%',#{killC},'%')
			</foreach>
		</if>
		) a
		LEFT JOIN t_alarm_status_timing_task tk ON a.eventId = tk.associated_field and task_type = 'SecurityEvent'
		<if test="isScenario != null">
			WHERE isScenario = #{isScenario,jdbcType=BOOLEAN}
		</if>
		ORDER BY
		<choose>
			<when test="orderByStr == null or orderByStr == ''">
				endTime desc
			</when>
			<otherwise>
				${orderByStr}
			</otherwise>
		</choose>
		limit #{offset}, #{size}
	</select>

	<select id="getKillChain" resultType="java.lang.String">
		SELECT
		ti.kill_chain as killChain
		FROM t_security_incidents ti
		LEFT JOIN t_event_scenario_data td ON ti.id = td.incident_id
		WHERE
		ti.end_time BETWEEN #{startTime,jdbcType=VARCHAR} AND #{endTime,jdbcType=VARCHAR}
		<if test="eventName != null and eventName != ''">
			AND ti.event_name LIKE concat('%',#{eventName},'%')
		</if>
		<if test="scenarioType != null and scenarioType != ''">
			${scenarioType}
		</if>
		<if test="focusIp != null and focusIp != ''">
			AND ti.focus_ip LIKE concat('%',#{focusIp},'%')
		</if>
		<if test="subCategory != null and subCategory.size() != 0">
			AND ti.sub_category IN
			<foreach collection="subCategory" separator=","  open="(" close=")" item="sub">
				#{sub}
			</foreach>
		</if>
		<if test="alarmStatus != null and alarmStatus.size() != 0">
			AND ti.alarm_status IN
			<foreach collection="alarmStatus" separator=","  open="(" close=")" item="status">
				#{status}
			</foreach>
		</if>
		<if test="alarmResult != null and alarmResult.size() != 0">
			AND ti.alarm_results IN
			<foreach collection="alarmResult" separator=","  open="(" close=")" item="result">
				#{result}
			</foreach>
		</if>
		<if test="threatSeverity != null and threatSeverity.size() != 0">
			AND ti.threat_severity IN
			<foreach collection="threatSeverity" separator=","  open="(" close=")" item="severity">
				#{severity}
			</foreach>
		</if>
		<if test="tagSearch != null and tagSearch.size() != 0">
			AND
			<foreach collection="tagSearch" separator="OR"  open="(" close=")" item="tag">
				ti.tag_search like BINARY concat('%',#{tag},'%')
			</foreach>
		</if>
		<if test="killChainList != null and killChainList.size() > 0">
			AND
			<foreach collection="killChainList" separator="AND" open="(" close=")" item="killC">
				ti.kill_chain LIKE concat('%',#{killC},'%')
			</foreach>
		</if>
	</select>

	<select id="getSecurityEventListByFieldMapping" resultType="java.util.Map">
		SELECT DISTINCT ti.id AS eventId,
		ti.category as category,
		ti.sub_category AS subCategory,
		alarm_status AS alarmStatus,
		ti.focus_ip as focusIp,
		DATE_FORMAT(end_time,'%Y-%m-%d %T') as endTime,
		DATE_FORMAT(start_time,'%Y-%m-%d %T') as startTime,
		counts as eventCount,
		alarm_results AS alarmResults,
		threat_severity AS threatSeverity,
		event_name as alarmName,
		tt.agg_field as aggField,ti.attacker,ti.victim,ti.focus,
		ti.tag_search as tagSearch,
		IF(td.scenario_id is null ,false,true) as isScenario
		FROM t_security_incidents ti
		LEFT JOIN t_query_template tt
		ON ti.template_code = tt.template_code
		LEFT JOIN t_event_scenario_data td ON ti.id = td.incident_id
		WHERE
		ti.end_time BETWEEN #{startTime,jdbcType=VARCHAR} AND #{endTime,jdbcType=VARCHAR}
		<if test="eventName != null and eventName != ''">
			AND ti.event_name LIKE concat('%',#{eventName},'%')
		</if>
		<if test="focusIp != null and focusIp != ''">
			AND ti.focus_ip LIKE concat('%',#{focusIp},'%')
		</if>
		<if test="subCategory != null and subCategory.size() != 0">
			AND ti.sub_category IN
			<foreach collection="subCategory" separator=","  open="(" close=")" item="sub">
				#{sub}
			</foreach>
		</if>
		<if test="alarmStatus != null and alarmStatus.size() != 0">
			AND ti.alarm_status IN
			<foreach collection="alarmStatus" separator=","  open="(" close=")" item="status">
				#{status}
			</foreach>
		</if>
		<if test="alarmResult != null and alarmResult.size() != 0">
			AND ti.alarm_results IN
			<foreach collection="alarmResult" separator=","  open="(" close=")" item="result">
				#{result}
			</foreach>
		</if>
		<if test="threatSeverity != null and threatSeverity.size() != 0">
			AND ti.threat_severity IN
			<foreach collection="threatSeverity" separator=","  open="(" close=")" item="severity">
				#{severity}
			</foreach>
		</if>
		<if test="tagSearch != null and tagSearch.size() != 0">
			AND
			<foreach collection="tagSearch" separator="OR"  open="(" close=")" item="tag">
				ti.tag_search like BINARY concat('%',#{tag},'%')
			</foreach>
		</if>
		<if test="killChain != null and killChain.size() > 0">
			AND
			<foreach collection="killChain" separator="AND" open="(" close=")" item="killC">
				ti.kill_chain LIKE concat('%',#{killC},'%')
			</foreach>
		</if>
		order by
		<choose>
			<when test="orderByStr == null or orderByStr == ''">
				end_time desc
			</when>
			<otherwise>
				${orderByStr}
			</otherwise>
		</choose>
		limit #{offset}, #{size}
	</select>

	<select id="getTotal" resultType="long">
		SELECT COUNT(1) FROM (
		SELECT DISTINCT
		ti.id AS eventId,
		ti.category AS category,
		ti.sub_category AS subCategory,
		CASE
		alarm_status
		WHEN "unprocessed" THEN
		"未处置"
		WHEN "processing" THEN
		"处置中"
		WHEN "falsePositives" THEN
		"已处置-标记误报"
		WHEN "processed" THEN
		"已处置-完成"
		WHEN "ignore" THEN
		"已处置-忽略"
		END alarmStatus,
		ti.focus_ip AS focusIp,
		DATE_FORMAT( end_time, '%Y-%m-%d %T' ) AS endTime,
		DATE_FORMAT( start_time, '%Y-%m-%d %T' ) AS startTime,
		DATE_FORMAT( end_time, '%Y-%m-%d' ) AS timePart,
		counts AS eventCount,
		CASE
		alarm_results
		WHEN "OK" THEN
		"成功"
		WHEN "FAIL" THEN
		"失败"
		WHEN "UNKNOWN" THEN
		"尝试"
		END alarmResults,
		CASE
		threat_severity
		WHEN "Low" THEN
		"低"
		WHEN "Medium" THEN
		"中"
		WHEN "High" THEN
		"高" ELSE "未知"
		END threatSeverity,
		event_name AS alarmName,
		tt.agg_field AS aggField,
		ti.attacker,
		ti.victim,
		ti.focus,
		ti.tag_search AS tagSearch,
		IF
		( td.scenario_id IS NULL, FALSE, TRUE ) AS isScenario ,
		tm.incident_type as incidentType
		FROM
		t_security_incidents ti
		LEFT JOIN t_query_template tt ON ti.template_code = tt.template_code
		LEFT JOIN t_event_scenario_data td ON ti.id = td.incident_id
		LEFT JOIN t_event_template tm ON ti.template_id = tm.id
		WHERE
		ti.end_time BETWEEN #{startTime,jdbcType=VARCHAR} AND #{endTime,jdbcType=VARCHAR}
		<if test="eventName != null and eventName != ''">
			AND ti.event_name LIKE concat('%',#{eventName},'%')
		</if>
		<if test="focusIp != null and focusIp != ''">
			AND ti.focus_ip LIKE concat('%',#{focusIp},'%')
		</if>
		<if test="subCategory != null and subCategory.size() != 0">
			AND ti.sub_category IN
			<foreach collection="subCategory" separator=","  open="(" close=")" item="sub">
				#{sub}
			</foreach>
		</if>
		<if test="alarmStatus != null and alarmStatus.size() != 0">
			AND ti.alarm_status IN
			<foreach collection="alarmStatus" separator=","  open="(" close=")" item="status">
				#{status}
			</foreach>
		</if>
		<if test="alarmResult != null and alarmResult.size() != 0">
			AND ti.alarm_results IN
			<foreach collection="alarmResult" separator=","  open="(" close=")" item="result">
				#{result}
			</foreach>
		</if>
		<if test="threatSeverity != null and threatSeverity.size() != 0">
			AND ti.threat_severity IN
			<foreach collection="threatSeverity" separator=","  open="(" close=")" item="severity">
				#{severity}
			</foreach>
		</if>
		<if test="tagSearch != null and tagSearch.size() != 0">
			AND
			<foreach collection="tagSearch" separator="OR"  open="(" close=")" item="tag">
				ti.tag_search like BINARY concat('%',#{tag},'%')
			</foreach>
		</if>
		<if test="killChain != null and killChain.size() > 0">
			AND
			<foreach collection="killChain" separator="AND" open="(" close=")" item="killC">
				ti.kill_chain LIKE concat('%',#{killC},'%')
			</foreach>
		</if> ) a
		<if test="isScenario != null">
			WHERE isScenario = #{isScenario,jdbcType=BOOLEAN}
		</if>
	</select>

	<select id="queryEventCount" resultType="java.util.Map">
		select count(1) as eventCount,a.threatSeverity from (
		SELECT
		threat_severity AS threatSeverity
		FROM
		t_security_incidents ti
		LEFT JOIN t_event_scenario_data td ON ti.id = td.incident_id
		LEFT JOIN t_event_template tm ON ti.template_id = tm.id
		WHERE
		ti.end_time BETWEEN #{startTime,jdbcType=VARCHAR} AND #{endTime,jdbcType=VARCHAR}
		<if test="eventName != null and eventName != ''">
			AND ti.event_name LIKE concat('%',#{eventName},'%')
		</if>
		<if test="scenarioType != null and scenarioType != ''">
			${scenarioType}
		</if>
		<if test="focusIp != null and focusIp != ''">
			AND ti.focus_ip LIKE concat('%',#{focusIp},'%')
		</if>
		<if test="subCategory != null and subCategory.size() != 0">
			AND ti.sub_category IN
			<foreach collection="subCategory" separator=","  open="(" close=")" item="sub">
				#{sub}
			</foreach>
		</if>
		<if test="alarmStatus != null and alarmStatus.size() != 0">
			AND ti.alarm_status IN
			<foreach collection="alarmStatus" separator=","  open="(" close=")" item="status">
				#{status}
			</foreach>
		</if>
		<if test="alarmResult != null and alarmResult.size() != 0">
			AND ti.alarm_results IN
			<foreach collection="alarmResult" separator=","  open="(" close=")" item="result">
				#{result}
			</foreach>
		</if>
		<if test="threatSeverity != null and threatSeverity.size() != 0">
			AND ti.threat_severity IN
			<foreach collection="threatSeverity" separator=","  open="(" close=")" item="severity">
				#{severity}
			</foreach>
		</if>
		<if test="tagSearch != null and tagSearch.size() != 0">
			AND
			<foreach collection="tagSearch" separator="OR"  open="(" close=")" item="tag">
				ti.tag_search like BINARY concat('%',#{tag},'%')
			</foreach>
		</if>
		<if test="killChain != null and killChain.size() > 0">
			AND
			<foreach collection="killChain" separator="AND" open="(" close=")" item="killC">
				ti.kill_chain LIKE concat('%',#{killC},'%')
			</foreach>
		</if> ) a
		GROUP BY a.threatSeverity
	</select>



	<insert id="insertOrUpdate" parameterType="com.dbapp.extension.xdr.threatMonitor.entity.SecurityEvent" useGeneratedKeys="true" keyProperty="id">
	 INSERT INTO t_security_incidents
		( kill_chain, sub_category, fail_count, counts, attack_conclusion, succeed_count, focus, attacker, threat_severity,  template_id, mirror_sub_category,
		event_code, organization_id, family_id, alarm_status, create_time, alarm_results, event_name, victim, start_time, end_time, category, focus_ip,incident_cond,tag_search,is_scenario)
	 VALUES
	 	(#{killChain,jdbcType=VARCHAR},#{subCategory,jdbcType=VARCHAR},#{failCount,jdbcType=INTEGER},#{counts,jdbcType=INTEGER},#{attackConclusion,jdbcType=VARCHAR},
		#{succeedCount,jdbcType=INTEGER},#{focus,jdbcType=VARCHAR},#{attacker,jdbcType=VARCHAR},#{threatSeverity,jdbcType=VARCHAR},#{templateId,jdbcType=INTEGER},
		#{mirrorSubCategory,jdbcType=VARCHAR},#{eventCode,jdbcType=VARCHAR},#{organizationId,jdbcType=VARCHAR},#{familyId,jdbcType=VARCHAR},#{alarmStatus,jdbcType=VARCHAR},
		#{createTime,jdbcType=VARCHAR},#{alarmResults,jdbcType=VARCHAR},#{eventName,jdbcType=VARCHAR},#{victim,jdbcType=VARCHAR},#{startTime,jdbcType=VARCHAR},
		#{endTime,jdbcType=VARCHAR},#{category,jdbcType=VARCHAR},#{focusIp,jdbcType=VARCHAR},#{incidentCond,jdbcType=VARCHAR},#{tagSearch,jdbcType=VARCHAR},#{isScenario,jdbcType=INTEGER})
	ON DUPLICATE KEY UPDATE
		kill_chain = values(kill_chain),fail_count = values (fail_count) ,counts = values (counts),attack_conclusion = values (attack_conclusion),succeed_count= values (succeed_count),
		attacker = values (attacker),threat_severity = values (threat_severity),organization_id = values (organization_id),
		family_id = values (family_id),alarm_status = values (alarm_status),create_time = values (create_time),alarm_results = values (alarm_results),victim = values (victim),
		start_time = LEAST( start_time, values (start_time)),end_time = GREATEST(end_time, values (end_time)),focus_ip = values (focus_ip),incident_cond = values (incident_cond),tag_search = values (tag_search),is_scenario = coalesce(greatest(values(is_scenario), is_scenario),values(is_scenario), is_scenario)
	</insert>

	<insert id="updateStatus" parameterType="com.dbapp.extension.xdr.threatMonitor.entity.SecurityEvent" useGeneratedKeys="true" keyProperty="id">
		INSERT INTO t_security_incidents
		    (event_code, alarm_status)
		VALUES
			(#{eventCode},#{alarmStatus})
		ON DUPLICATE KEY UPDATE
			alarm_status = values(alarm_status),update_time=NOW()
	</insert>

	<insert id="batchInsert"  useGeneratedKeys="true" keyProperty="id">
		INSERT INTO t_security_incidents
		( kill_chain, sub_category, fail_count, counts, attack_conclusion, succeed_count, focus, attacker, threat_severity,  template_id, mirror_sub_category,
		event_code, organization_id, family_id, alarm_status, alarm_results, event_name, victim, start_time, end_time, category, focus_ip,incident_cond,tag_search,is_scenario
		,update_ip_information )
		VALUES
		<foreach collection="eventList" separator="," open="" close="" item="event" index="index">
		(#{event.killChain,jdbcType=VARCHAR},#{event.subCategory,jdbcType=VARCHAR},#{event.failCount,jdbcType=INTEGER},#{event.counts,jdbcType=INTEGER},#{event.attackConclusion,jdbcType=VARCHAR},
		#{event.succeedCount,jdbcType=INTEGER},#{event.focus,jdbcType=VARCHAR},#{event.attacker,jdbcType=VARCHAR},#{event.threatSeverity,jdbcType=VARCHAR},#{event.templateId,jdbcType=INTEGER},
		#{event.mirrorSubCategory,jdbcType=VARCHAR},#{event.eventCode,jdbcType=VARCHAR},#{event.organizationId,jdbcType=VARCHAR},#{event.familyId,jdbcType=VARCHAR},#{event.alarmStatus,jdbcType=VARCHAR},#{event.alarmResults,jdbcType=VARCHAR},#{event.eventName,jdbcType=VARCHAR},#{event.victim,jdbcType=VARCHAR},#{event.startTime,jdbcType=VARCHAR},
		#{event.endTime,jdbcType=VARCHAR},#{event.category,jdbcType=VARCHAR},#{event.focusIp,jdbcType=VARCHAR},#{event.incidentCond,jdbcType=VARCHAR},#{event.tagSearch,jdbcType=VARCHAR},#{event.isScenario,jdbcType=INTEGER},#{event.updateIpInformation,jdbcType=VARCHAR})
		</foreach>
		ON DUPLICATE KEY UPDATE
		kill_chain = values(kill_chain),fail_count = values (fail_count) ,counts = values (counts),attack_conclusion = values (attack_conclusion),succeed_count= values (succeed_count),
		attacker = values (attacker),threat_severity = values (threat_severity),organization_id = values (organization_id),
		family_id = values (family_id),alarm_status = values (alarm_status),alarm_results = values (alarm_results),victim = values (victim),
		start_time = LEAST( start_time, values (start_time)),end_time = GREATEST(end_time, values (end_time)),focus_ip = values (focus_ip),incident_cond = values (incident_cond),tag_search = values (tag_search),is_scenario = coalesce(greatest(values(is_scenario), is_scenario),values(is_scenario), is_scenario),
		update_ip_information = values(update_ip_information),update_time=NOW()
	</insert>




	<resultMap id="baseResultMap" type="com.dbapp.extension.xdr.threatMonitor.entity.SecurityEvent">
		<id column="id" property="id" jdbcType="VARCHAR"/>
		<result column="event_name" property="eventName" jdbcType="VARCHAR"/>
		<result column="attack_conclusion" property="attackConclusion" jdbcType="VARCHAR"/>
		<result column="threat_severity" property="threatSeverity" jdbcType="VARCHAR"/>
		<result column="start_time" property="startTime" jdbcType="VARCHAR"/>
		<result column="end_time" property="endTime" jdbcType="VARCHAR"/>
		<result column="attacker" property="attacker" jdbcType="VARCHAR"/>
		<result column="victim" property="victim" jdbcType="VARCHAR"/>
		<result column="counts" property="counts" jdbcType="VARCHAR"/>
		<result column="alarm_status" property="alarmStatus" jdbcType="VARCHAR"/>
		<result column="alarm_results" property="alarmResults" jdbcType="VARCHAR"/>
		<result column="kill_chain" property="killChain" jdbcType="VARCHAR"/>
		<result column="succeed_count" property="succeedCount" jdbcType="INTEGER"/>
		<result column="fail_count" property="failCount" jdbcType="INTEGER"/>
		<result column="family_id" property="familyId" jdbcType="VARCHAR"/>
		<result column="organization_id" property="organizationId" jdbcType="VARCHAR"/>
		<result column="focus" property="focus" jdbcType="VARCHAR"/>
		<result column="event_code" property="eventCode" jdbcType="VARCHAR"/>
		<result column="focus_ip" property="focusIp" jdbcType="VARCHAR"/>
		<result column="incident_cond" property="incidentCond" jdbcType="VARCHAR"/>
		<result column="tag_search" property="tagSearch" jdbcType="VARCHAR"/>
		<result column="mirror_sub_category" property="mirrorSubCategory" jdbcType="VARCHAR"/>
		<result column="sub_category" property="subCategory" jdbcType="VARCHAR"/>
		<result column="template_id" property="templateId" jdbcType="INTEGER"/>
		<result column="create_time" property="createTime" jdbcType="VARCHAR"/>
		<result column="category" property="category" jdbcType="VARCHAR"/>
	</resultMap>

	<select id="queryByEventCode" parameterType="java.lang.String" resultMap="baseResultMap">
		select id,kill_chain, sub_category, fail_count, counts, attack_conclusion, succeed_count, focus, attacker, threat_severity,  template_id, mirror_sub_category,
		event_code, organization_id, family_id, alarm_status, create_time, alarm_results, event_name, victim, start_time, end_time, category, focus_ip,incident_cond,tag_search
		from t_security_incidents
		where event_code = #{eventCode,jdbcType=VARCHAR}
		limit 1
	</select>

	<update id="updateAlarmResultById">
		UPDATE t_security_incidents SET alarm_results = #{alarmResults,jdbcType=VARCHAR},is_scenario=1 WHERE id = #{eventId,jdbcType=INTEGER}
	</update>

	<select id="getExistThreadEvents" resultType="com.dbapp.extension.xdr.threatMonitor.entity.ThreadEvent">
		select a.incident_name incidentName,a.id templateId,a.incident_rule_type incidentRuleType,a.priority,a.focus,a.incident_cond as incidentCond,group_concat(t.focus_ip) focusIp
		from t_event_thread t left join t_event_template a on t.template_id = a.id
		where t.time_part = #{timePart} and t.is_delete != 1 group by a.incident_name order by a.priority desc;
	</select>

	<insert id="insertBatchThreadEvents">
		INSERT INTO t_event_thread
		(template_id, incident_name, focus, focus_ip, time_part, event_code, attacker, victim, end_time)
		VALUES
		<foreach collection="events" item="event" separator=",">
			(#{event.templateId},#{event.incidentName},#{event.focus},#{event.focusIp},#{event.timePart},#{event.eventCode},#{event.attacker},#{event.victim},#{event.endTime})
		</foreach>
		ON DUPLICATE KEY UPDATE
		template_id = values(template_id),
		incident_name = values(incident_name),
		focus = values(focus),
		focus_ip = values(focus_ip),
		time_part = values(time_part),
		attacker = values(attacker),
		victim = values(victim),
		end_time = values(end_time)
	</insert>

	<update id="updateThreadLowPriority">
		update t_event_thread t left join t_event_template a on t.template_id = a.id set t.is_delete=1
		where t.time_part = #{timePart} and t.focus =#{focus} and t.focus_ip =#{focusIp} and a.priority &gt; #{priority} and t.is_delete=0
	</update>

	<delete id="deleteLowPriority">
		delete from t_security_incidents where event_code in
		(select t.event_code  from t_event_thread t left join t_event_template a on t.template_id = a.id
		where t.time_part = #{timePart} and t.focus =#{focus} and t.focus_ip =#{focusIp} and a.priority &gt; #{priority} and t.is_delete=0);
	</delete>

	<insert id="insertBatchSecurityAlarm">
		INSERT INTO t_security_alarm_temp
		(window_id, agg_condition, event_id, src_address, dest_address, attacker, victim,
		 sub_category, start_time, end_time, alarm_results, kill_chain, tag_search, threat_severity,
		family_id,organization_id,time_part)
		VALUES
		<foreach collection="alarms" item="alarm" separator=",">
			(#{alarm.windowId},#{alarm.aggCondition},#{alarm.eventId},#{alarm.srcAddress},#{alarm.destAddress},
			 #{alarm.attacker,typeHandler=com.dbapp.extension.xdr.handler.ArrayHandler},
			 #{alarm.victim,typeHandler=com.dbapp.extension.xdr.handler.ArrayHandler},#{alarm.subCategory},
			#{alarm.startTime},#{alarm.endTime},#{alarm.alarmResults},#{alarm.killChain},
			 #{alarm.tagSearch,typeHandler=com.dbapp.extension.xdr.handler.JSONListHandler},#{alarm.threatSeverity},
			#{alarm.familyId},#{alarm.organizationId},DATE_FORMAT(#{alarm.startTime},'%Y%m%d'))
		</foreach>
	</insert>

	<resultMap id="alarmInfoMap" type="com.dbapp.extension.xdr.logCorrelation.entity.AlarmInfo">
		<result column="window_id" property="windowId" jdbcType="VARCHAR"/>
		<result column="agg_condition" property="aggCondition" jdbcType="VARCHAR"/>
		<result column="event_id" property="eventId" jdbcType="VARCHAR"/>
		<result column="src_address" property="srcAddress" jdbcType="VARCHAR"/>
		<result column="dest_address" property="destAddress" jdbcType="VARCHAR"/>
		<result column="attacker" property="attacker" jdbcType="VARCHAR" typeHandler="com.dbapp.extension.xdr.handler.ArrayHandler"/>
		<result column="victim" property="victim" jdbcType="VARCHAR" typeHandler="com.dbapp.extension.xdr.handler.ArrayHandler"/>
		<result column="sub_category" property="subCategory" jdbcType="VARCHAR"/>
		<result column="start_time" property="startTime" jdbcType="TIMESTAMP"/>
		<result column="end_time" property="endTime" jdbcType="TIMESTAMP"/>
		<result column="alarm_results" property="alarmResults" jdbcType="VARCHAR"/>
		<result column="family_id" property="familyId" jdbcType="VARCHAR"/>
		<result column="organization_id" property="organizationId" jdbcType="VARCHAR"/>
		<result column="kill_chain" property="killChain" jdbcType="INTEGER"/>
		<result column="tag_search" property="tagSearch" jdbcType="INTEGER" typeHandler="com.dbapp.extension.xdr.handler.JSONListHandler" javaType="String"/>
		<result column="threat_severity" property="threatSeverity" jdbcType="VARCHAR"/>
	</resultMap>

	<select id="queryThreadAlarm" resultMap="alarmInfoMap">
		select * from t_security_alarm_temp t
		where t.time_part=#{timePart}
			<if test='attacker!=null and attacker!=""'>
				and attacker = #{attacker}
			</if>
			<if test='victim!=null and victim!=""'>
				and victim = #{victim}
			</if>
			<if test='subCategory!=null and subCategory!=""'>
				and sub_category = #{subCategory}
			</if>
		order by t.end_time desc,t.event_id desc limit #{offset},1000;
	</select>

	<select id="getMinTime" resultType="java.time.LocalDateTime">
		select end_time from t_security_alarm_temp t
		where t.time_part=#{timePart} order by t.end_time asc limit 1;
	</select>

	<select id="getOneHourTime" resultType="java.time.LocalDateTime">
		select date_add(end_time,interval -1 hour) from t_security_alarm_temp order by start_time desc limit 1
	</select>

	<delete id="deleteOneHourLeft">
		delete from t_security_alarm_temp where end_time &lt; #{time}
	</delete>

	<delete id="deleteTimingTask">
		delete from t_alarm_status_timing_task where associated_field in(
			select id from t_security_incidents where event_code in
											   (select t.event_code  from t_event_thread t left join t_event_template a on t.template_id = a.id
												where t.time_part = #{timePart} and t.focus =#{focus} and t.focus_ip =#{focusIp} and a.priority &gt; #{priority} and t.is_delete=0)
												)
	</delete>


	<select id="getSecurityEventOutGoingTemplate" resultType="java.util.Map">
	SELECT
	ti.id as eventId,
	ti.event_code as eventCode,
	DATE_FORMAT(ti.start_time,'%Y-%m-%d %T') as startTime,
	DATE_FORMAT(ti.end_time,'%Y-%m-%d %T') as endTime,
	ti.attacker,
	ti.victim,
	ti.mirror_sub_category as subCategory,
	te.incident_name as templateName,
	ti.event_name as incidentName,
	te.incident_type as incidentType,
	ti.incident_cond as incidentCond,
	ti.focus,
	ti.focus_ip as focusIp,
	ti.sub_category as eventSubCategory,
	ti.category as eventCategory,
	te.incident_children as incidentChildren,
	ti.mirror_sub_category as mirrorSubCategory,
	ti.tag_search as tagSearch,
	te.incident_description as incidentDescription,
	te.incident_suggestion as incidentSuggestion
	FROM
	t_security_incidents ti
	LEFT JOIN t_event_template te ON ti.template_id = te.id
	WHERE ti.end_time BETWEEN #{startTime,jdbcType=VARCHAR} AND #{endTime,jdbcType=VARCHAR}
	AND te.`enable` = 1
	LIMIT ${offset},${size}
	</select>

</mapper>
